code,flag_url
KUW,https://upload.wikimedia.org/wikipedia/commons/thumb/a/aa/Flag_of_Kuwait.svg/320px-Flag_of_Kuwait.svg.png
CHN,https://upload.wikimedia.org/wikipedia/commons/thumb/f/fa/Flag_of_the_People%27s_Republic_of_China.svg/320px-Flag_of_the_People%27s_Republic_of_China.svg.png
TJK,https://upload.wikimedia.org/wikipedia/commons/thumb/d/d0/Flag_of_Tajikistan.svg/320px-Flag_of_Tajikistan.svg.png
PHI,https://upload.wikimedia.org/wikipedia/commons/thumb/9/99/Flag_of_the_Philippines.svg/320px-Flag_of_the_Philippines.svg.png
IRQ,https://upload.wikimedia.org/wikipedia/commons/thumb/f/f6/Flag_of_Iraq.svg/320px-Flag_of_Iraq.svg.png
PAK,https://upload.wikimedia.org/wikipedia/commons/thumb/3/32/Flag_of_Pakistan.svg/320px-Flag_of_Pakistan.svg.png
URS,https://upload.wikimedia.org/wikipedia/commons/thumb/a/a9/Flag_of_the_Soviet_Union.svg/320px-Flag_of_the_Soviet_Union.svg.png
BEL,https://upload.wikimedia.org/wikipedia/commons/thumb/9/92/Flag_of_Belgium_%28civil%29.svg/320px-Flag_of_Belgium_%28civil%29.svg.png
CHA,https://upload.wikimedia.org/wikipedia/commons/thumb/4/4b/Flag_of_Chad.svg/320px-Flag_of_Chad.svg.png
NED,https://upload.wikimedia.org/wikipedia/commons/thumb/2/20/Flag_of_the_Netherlands.svg/320px-Flag_of_the_Netherlands.svg.png
MOZ,https://upload.wikimedia.org/wikipedia/commons/thumb/d/d0/Flag_of_Mozambique.svg/320px-Flag_of_Mozambique.svg.png
OMA,https://upload.wikimedia.org/wikipedia/commons/thumb/d/dd/Flag_of_Oman.svg/320px-Flag_of_Oman.svg.png
NRU,https://upload.wikimedia.org/wikipedia/commons/thumb/3/30/Flag_of_Nauru.svg/320px-Flag_of_Nauru.svg.png
HON,https://upload.wikimedia.org/wikipedia/commons/thumb/8/82/Flag_of_Honduras.svg/320px-Flag_of_Honduras.svg.png
NZL,https://upload.wikimedia.org/wikipedia/commons/thumb/3/3e/Flag_of_New_Zealand.svg/320px-Flag_of_New_Zealand.svg.png
SOL,https://upload.wikimedia.org/wikipedia/commons/thumb/7/74/Flag_of_the_Solomon_Islands.svg/320px-Flag_of_the_Solomon_Islands.svg.png
SWZ,https://upload.wikimedia.org/wikipedia/commons/thumb/1/1e/Flag_of_Swaziland.svg/320px-Flag_of_Swaziland.svg.png
SYR,https://upload.wikimedia.org/wikipedia/commons/thumb/5/53/Flag_of_Syria.svg/320px-Flag_of_Syria.svg.png
SSD,https://upload.wikimedia.org/wikipedia/commons/thumb/7/7a/Flag_of_South_Sudan.svg/320px-Flag_of_South_Sudan.svg.png
SLE,https://upload.wikimedia.org/wikipedia/commons/thumb/1/17/Flag_of_Sierra_Leone.svg/320px-Flag_of_Sierra_Leone.svg.png
AUT,https://upload.wikimedia.org/wikipedia/commons/thumb/4/41/Flag_of_Austria.svg/320px-Flag_of_Austria.svg.png
ZAI,https://upload.wikimedia.org/wikipedia/commons/thumb/5/5c/Flag_of_Zaire.svg/320px-Flag_of_Zaire.svg.png
CZE,https://upload.wikimedia.org/wikipedia/commons/thumb/c/cb/Flag_of_the_Czech_Republic.svg/320px-Flag_of_the_Czech_Republic.svg.png
MON,https://upload.wikimedia.org/wikipedia/commons/thumb/e/ea/Flag_of_Monaco.svg/300px-Flag_of_Monaco.svg.png
MEX,https://upload.wikimedia.org/wikipedia/commons/thumb/f/fc/Flag_of_Mexico.svg/320px-Flag_of_Mexico.svg.png
KIR,https://upload.wikimedia.org/wikipedia/commons/thumb/d/d3/Flag_of_Kiribati.svg/320px-Flag_of_Kiribati.svg.png
ALG,https://upload.wikimedia.org/wikipedia/commons/thumb/7/77/Flag_of_Algeria.svg/320px-Flag_of_Algeria.svg.png
GRE,https://upload.wikimedia.org/wikipedia/commons/thumb/5/5c/Flag_of_Greece.svg/320px-Flag_of_Greece.svg.png
AUS,https://upload.wikimedia.org/wikipedia/commons/thumb/b/b9/Flag_of_Australia.svg/320px-Flag_of_Australia.svg.png
BAR,https://upload.wikimedia.org/wikipedia/commons/thumb/e/ef/Flag_of_Barbados.svg/320px-Flag_of_Barbados.svg.png
MAL,https://upload.wikimedia.org/wikipedia/commons/thumb/4/4c/Flag_of_Malaya.svg/320px-Flag_of_Malaya.svg.png
AFG,https://upload.wikimedia.org/wikipedia/commons/thumb/9/9a/Flag_of_Afghanistan.svg/320px-Flag_of_Afghanistan.svg.png
MAS,https://upload.wikimedia.org/wikipedia/commons/thumb/6/66/Flag_of_Malaysia.svg/320px-Flag_of_Malaysia.svg.png
BOL,https://upload.wikimedia.org/wikipedia/commons/thumb/4/48/Flag_of_Bolivia.svg/320px-Flag_of_Bolivia.svg.png
LIE,https://upload.wikimedia.org/wikipedia/commons/thumb/4/47/Flag_of_Liechtenstein.svg/320px-Flag_of_Liechtenstein.svg.png
MKD,https://upload.wikimedia.org/wikipedia/commons/thumb/f/f8/Flag_of_Macedonia.svg/320px-Flag_of_Macedonia.svg.png
EST,https://upload.wikimedia.org/wikipedia/commons/thumb/8/8f/Flag_of_Estonia.svg/320px-Flag_of_Estonia.svg.png
SMR,https://upload.wikimedia.org/wikipedia/commons/thumb/b/b1/Flag_of_San_Marino.svg/320px-Flag_of_San_Marino.svg.png
NIG,https://upload.wikimedia.org/wikipedia/commons/thumb/f/f4/Flag_of_Niger.svg/280px-Flag_of_Niger.svg.png
POR,https://upload.wikimedia.org/wikipedia/commons/thumb/5/5c/Flag_of_Portugal.svg/320px-Flag_of_Portugal.svg.png
SLO,https://upload.wikimedia.org/wikipedia/commons/thumb/f/f0/Flag_of_Slovenia.svg/320px-Flag_of_Slovenia.svg.png
POL,https://upload.wikimedia.org/wikipedia/commons/thumb/1/12/Flag_of_Poland.svg/320px-Flag_of_Poland.svg.png
CAN,https://upload.wikimedia.org/wikipedia/commons/thumb/c/cf/Flag_of_Canada.svg/320px-Flag_of_Canada.svg.png
MAW,https://upload.wikimedia.org/wikipedia/commons/thumb/d/d1/Flag_of_Malawi.svg/320px-Flag_of_Malawi.svg.png
PER,https://upload.wikimedia.org/wikipedia/commons/thumb/c/cf/Flag_of_Peru.svg/320px-Flag_of_Peru.svg.png
ITA,https://upload.wikimedia.org/wikipedia/commons/thumb/0/03/Flag_of_Italy.svg/320px-Flag_of_Italy.svg.png
VAN,https://upload.wikimedia.org/wikipedia/commons/thumb/b/bc/Flag_of_Vanuatu.svg/320px-Flag_of_Vanuatu.svg.png
COM,https://upload.wikimedia.org/wikipedia/commons/thumb/9/94/Flag_of_the_Comoros.svg/320px-Flag_of_the_Comoros.svg.png
SUI,https://upload.wikimedia.org/wikipedia/commons/thumb/f/f3/Flag_of_Switzerland.svg/240px-Flag_of_Switzerland.svg.png
SRB,https://upload.wikimedia.org/wikipedia/commons/thumb/f/ff/Flag_of_Serbia.svg/320px-Flag_of_Serbia.svg.png
COD,https://upload.wikimedia.org/wikipedia/commons/thumb/6/6f/Flag_of_the_Democratic_Republic_of_the_Congo.svg/320px-Flag_of_the_Democratic_Republic_of_the_Congo.svg.png
CYP,https://upload.wikimedia.org/wikipedia/commons/thumb/d/d4/Flag_of_Cyprus.svg/320px-Flag_of_Cyprus.svg.png
GBS,https://upload.wikimedia.org/wikipedia/commons/thumb/0/01/Flag_of_Guinea-Bissau.svg/320px-Flag_of_Guinea-Bissau.svg.png
UZB,https://upload.wikimedia.org/wikipedia/commons/thumb/8/84/Flag_of_Uzbekistan.svg/320px-Flag_of_Uzbekistan.svg.png
LUX,https://upload.wikimedia.org/wikipedia/commons/thumb/d/da/Flag_of_Luxembourg.svg/320px-Flag_of_Luxembourg.svg.png
VEN,https://upload.wikimedia.org/wikipedia/commons/thumb/0/06/Flag_of_Venezuela.svg/320px-Flag_of_Venezuela.svg.png
RUS,https://upload.wikimedia.org/wikipedia/commons/thumb/f/f3/Flag_of_Russia.svg/320px-Flag_of_Russia.svg.png
MAR,https://upload.wikimedia.org/wikipedia/commons/thumb/2/2c/Flag_of_Morocco.svg/320px-Flag_of_Morocco.svg.png
BIZ,https://upload.wikimedia.org/wikipedia/commons/thumb/e/e7/Flag_of_Belize.svg/320px-Flag_of_Belize.svg.png
SOM,https://upload.wikimedia.org/wikipedia/commons/thumb/a/a0/Flag_of_Somalia.svg/320px-Flag_of_Somalia.svg.png
CAF,https://upload.wikimedia.org/wikipedia/commons/thumb/6/6f/Flag_of_the_Central_African_Republic.svg/320px-Flag_of_the_Central_African_Republic.svg.png
NAM,https://upload.wikimedia.org/wikipedia/commons/thumb/0/00/Flag_of_Namibia.svg/320px-Flag_of_Namibia.svg.png
TPE,https://upload.wikimedia.org/wikipedia/commons/thumb/7/72/Flag_of_the_Republic_of_China.svg/320px-Flag_of_the_Republic_of_China.svg.png
GUI,https://upload.wikimedia.org/wikipedia/commons/thumb/e/ed/Flag_of_Guinea.svg/320px-Flag_of_Guinea.svg.png
BEN,https://upload.wikimedia.org/wikipedia/commons/thumb/0/0a/Flag_of_Benin.svg/320px-Flag_of_Benin.svg.png
AND,https://upload.wikimedia.org/wikipedia/commons/thumb/1/19/Flag_of_Andorra.svg/320px-Flag_of_Andorra.svg.png
LCA,https://upload.wikimedia.org/wikipedia/commons/thumb/9/9f/Flag_of_Saint_Lucia.svg/320px-Flag_of_Saint_Lucia.svg.png
QAT,https://upload.wikimedia.org/wikipedia/commons/thumb/6/65/Flag_of_Qatar.svg/320px-Flag_of_Qatar.svg.png
ISL,https://upload.wikimedia.org/wikipedia/commons/thumb/c/ce/Flag_of_Iceland.svg/320px-Flag_of_Iceland.svg.png
BAH,https://upload.wikimedia.org/wikipedia/commons/thumb/9/93/Flag_of_the_Bahamas.svg/320px-Flag_of_the_Bahamas.svg.png
SIN,https://upload.wikimedia.org/wikipedia/commons/thumb/4/48/Flag_of_Singapore.svg/320px-Flag_of_Singapore.svg.png
UKR,https://upload.wikimedia.org/wikipedia/commons/thumb/4/49/Flag_of_Ukraine.svg/320px-Flag_of_Ukraine.svg.png
MDA,https://upload.wikimedia.org/wikipedia/commons/thumb/2/27/Flag_of_Moldova.svg/320px-Flag_of_Moldova.svg.png
CRC,https://upload.wikimedia.org/wikipedia/commons/thumb/f/f2/Flag_of_Costa_Rica.svg/320px-Flag_of_Costa_Rica.svg.png
MHL,https://upload.wikimedia.org/wikipedia/commons/thumb/2/2e/Flag_of_the_Marshall_Islands.svg/320px-Flag_of_the_Marshall_Islands.svg.png
ISR,https://upload.wikimedia.org/wikipedia/commons/thumb/d/d4/Flag_of_Israel.svg/320px-Flag_of_Israel.svg.png
BAN,https://upload.wikimedia.org/wikipedia/commons/thumb/f/f9/Flag_of_Bangladesh.svg/320px-Flag_of_Bangladesh.svg.png
GBR,https://upload.wikimedia.org/wikipedia/commons/thumb/a/ae/Flag_of_the_United_Kingdom.svg/320px-Flag_of_the_United_Kingdom.svg.png
UAR,https://upload.wikimedia.org/wikipedia/commons/thumb/9/99/Flag_of_the_United_Arab_Republic.svg/320px-Flag_of_the_United_Arab_Republic.svg.png
ZIM,https://upload.wikimedia.org/wikipedia/commons/thumb/6/6a/Flag_of_Zimbabwe.svg/320px-Flag_of_Zimbabwe.svg.png
JPN,https://upload.wikimedia.org/wikipedia/commons/thumb/9/9e/Flag_of_Japan.svg/320px-Flag_of_Japan.svg.png
SUD,https://upload.wikimedia.org/wikipedia/commons/thumb/0/01/Flag_of_Sudan.svg/320px-Flag_of_Sudan.svg.png
FIJ,https://upload.wikimedia.org/wikipedia/commons/thumb/b/ba/Flag_of_Fiji.svg/320px-Flag_of_Fiji.svg.png
BIH,https://upload.wikimedia.org/wikipedia/commons/thumb/b/bf/Flag_of_Bosnia_and_Herzegovina.svg/320px-Flag_of_Bosnia_and_Herzegovina.svg.png
TTO,https://upload.wikimedia.org/wikipedia/commons/thumb/6/64/Flag_of_Trinidad_and_Tobago.svg/320px-Flag_of_Trinidad_and_Tobago.svg.png
ERI,https://upload.wikimedia.org/wikipedia/commons/thumb/2/29/Flag_of_Eritrea.svg/320px-Flag_of_Eritrea.svg.png
IRL,https://upload.wikimedia.org/wikipedia/commons/thumb/4/45/Flag_of_Ireland.svg/320px-Flag_of_Ireland.svg.png
KOS,https://upload.wikimedia.org/wikipedia/commons/thumb/1/1f/Flag_of_Kosovo.svg/320px-Flag_of_Kosovo.svg.png
IRI,https://upload.wikimedia.org/wikipedia/commons/thumb/c/ca/Flag_of_Iran.svg/320px-Flag_of_Iran.svg.png
GAB,https://upload.wikimedia.org/wikipedia/commons/thumb/0/04/Flag_of_Gabon.svg/320px-Flag_of_Gabon.svg.png
TAN,https://upload.wikimedia.org/wikipedia/commons/thumb/3/38/Flag_of_Tanzania.svg/320px-Flag_of_Tanzania.svg.png
STP,https://upload.wikimedia.org/wikipedia/commons/thumb/4/4f/Flag_of_Sao_Tome_and_Principe.svg/320px-Flag_of_Sao_Tome_and_Principe.svg.png
BWI,https://upload.wikimedia.org/wikipedia/commons/thumb/8/8f/Flag_of_the_West_Indies_Federation.svg/320px-Flag_of_the_West_Indies_Federation.svg.png
ARG,https://upload.wikimedia.org/wikipedia/commons/thumb/1/1a/Flag_of_Argentina.svg/320px-Flag_of_Argentina.svg.png
CIV,https://upload.wikimedia.org/wikipedia/commons/thumb/f/fe/Flag_of_C%C3%B4te_d%27Ivoire.svg/320px-Flag_of_C%C3%B4te_d%27Ivoire.svg.png
UGA,https://upload.wikimedia.org/wikipedia/commons/thumb/4/4e/Flag_of_Uganda.svg/320px-Flag_of_Uganda.svg.png
YAR,https://upload.wikimedia.org/wikipedia/commons/thumb/f/f6/Flag_of_North_Yemen.svg/320px-Flag_of_North_Yemen.svg.png
ALB,https://upload.wikimedia.org/wikipedia/commons/thumb/3/36/Flag_of_Albania.svg/320px-Flag_of_Albania.svg.png
MAD,https://upload.wikimedia.org/wikipedia/commons/thumb/b/bc/Flag_of_Madagascar.svg/320px-Flag_of_Madagascar.svg.png
LBR,https://upload.wikimedia.org/wikipedia/commons/thumb/b/b8/Flag_of_Liberia.svg/320px-Flag_of_Liberia.svg.png
SEY,https://upload.wikimedia.org/wikipedia/commons/thumb/f/fc/Flag_of_Seychelles.svg/320px-Flag_of_Seychelles.svg.png
ECU,https://upload.wikimedia.org/wikipedia/commons/thumb/e/e8/Flag_of_Ecuador.svg/320px-Flag_of_Ecuador.svg.png
GEQ,https://upload.wikimedia.org/wikipedia/commons/thumb/3/31/Flag_of_Equatorial_Guinea.svg/320px-Flag_of_Equatorial_Guinea.svg.png
NEP,https://upload.wikimedia.org/wikipedia/commons/thumb/9/9b/Flag_of_Nepal.svg/197px-Flag_of_Nepal.svg.png
LTU,https://upload.wikimedia.org/wikipedia/commons/thumb/1/11/Flag_of_Lithuania.svg/320px-Flag_of_Lithuania.svg.png
PNG,https://upload.wikimedia.org/wikipedia/commons/thumb/e/e3/Flag_of_Papua_New_Guinea.svg/320px-Flag_of_Papua_New_Guinea.svg.png
NCA,https://upload.wikimedia.org/wikipedia/commons/thumb/1/19/Flag_of_Nicaragua.svg/320px-Flag_of_Nicaragua.svg.png
TOG,https://upload.wikimedia.org/wikipedia/commons/thumb/6/68/Flag_of_Togo.svg/320px-Flag_of_Togo.svg.png
TUR,https://upload.wikimedia.org/wikipedia/commons/thumb/b/b4/Flag_of_Turkey.svg/320px-Flag_of_Turkey.svg.png
SVK,https://upload.wikimedia.org/wikipedia/commons/thumb/e/e6/Flag_of_Slovakia.svg/320px-Flag_of_Slovakia.svg.png
CPV,https://upload.wikimedia.org/wikipedia/commons/thumb/3/38/Flag_of_Cape_Verde.svg/320px-Flag_of_Cape_Verde.svg.png
UAE,https://upload.wikimedia.org/wikipedia/commons/thumb/c/cb/Flag_of_the_United_Arab_Emirates.svg/320px-Flag_of_the_United_Arab_Emirates.svg.png
NGR,https://upload.wikimedia.org/wikipedia/commons/thumb/7/79/Flag_of_Nigeria.svg/320px-Flag_of_Nigeria.svg.png
MYA,https://upload.wikimedia.org/wikipedia/commons/thumb/8/8c/Flag_of_Myanmar.svg/320px-Flag_of_Myanmar.svg.png
YUG,https://upload.wikimedia.org/wikipedia/commons/thumb/7/71/Flag_of_SFR_Yugoslavia.svg/320px-Flag_of_SFR_Yugoslavia.svg.png
THA,https://upload.wikimedia.org/wikipedia/commons/thumb/a/a9/Flag_of_Thailand.svg/320px-Flag_of_Thailand.svg.png
EGY,https://upload.wikimedia.org/wikipedia/commons/thumb/f/fe/Flag_of_Egypt.svg/320px-Flag_of_Egypt.svg.png
CRO,https://upload.wikimedia.org/wikipedia/commons/thumb/1/1b/Flag_of_Croatia.svg/320px-Flag_of_Croatia.svg.png
DJI,https://upload.wikimedia.org/wikipedia/commons/thumb/3/34/Flag_of_Djibouti.svg/320px-Flag_of_Djibouti.svg.png
ROU,https://upload.wikimedia.org/wikipedia/commons/thumb/7/73/Flag_of_Romania.svg/320px-Flag_of_Romania.svg.png
BRA,https://upload.wikimedia.org/wikipedia/commons/thumb/0/05/Flag_of_Brazil.svg/320px-Flag_of_Brazil.svg.png
SWE,https://upload.wikimedia.org/wikipedia/commons/thumb/4/4c/Flag_of_Sweden.svg/320px-Flag_of_Sweden.svg.png
SEN,https://upload.wikimedia.org/wikipedia/commons/thumb/f/fd/Flag_of_Senegal.svg/320px-Flag_of_Senegal.svg.png
VOL,https://upload.wikimedia.org/wikipedia/commons/thumb/4/4a/Flag_of_Upper_Volta.svg/320px-Flag_of_Upper_Volta.svg.png
ESA,https://upload.wikimedia.org/wikipedia/commons/thumb/3/34/Flag_of_El_Salvador.svg/320px-Flag_of_El_Salvador.svg.png
SUR,https://upload.wikimedia.org/wikipedia/commons/thumb/6/60/Flag_of_Suriname.svg/320px-Flag_of_Suriname.svg.png
LAO,https://upload.wikimedia.org/wikipedia/commons/thumb/5/56/Flag_of_Laos.svg/320px-Flag_of_Laos.svg.png
VIE,https://upload.wikimedia.org/wikipedia/commons/thumb/2/21/Flag_of_Vietnam.svg/320px-Flag_of_Vietnam.svg.png
PAN,https://upload.wikimedia.org/wikipedia/commons/thumb/a/ab/Flag_of_Panama.svg/320px-Flag_of_Panama.svg.png
KGZ,https://upload.wikimedia.org/wikipedia/commons/thumb/c/c7/Flag_of_Kyrgyzstan.svg/320px-Flag_of_Kyrgyzstan.svg.png
BDI,https://upload.wikimedia.org/wikipedia/commons/thumb/5/50/Flag_of_Burundi.svg/320px-Flag_of_Burundi.svg.png
CEY,https://upload.wikimedia.org/wikipedia/commons/thumb/9/98/Flag_of_Ceylon_%281948-1951%29.svg/320px-Flag_of_Ceylon_%281948-1951%29.svg.png
CUB,https://upload.wikimedia.org/wikipedia/commons/thumb/b/bd/Flag_of_Cuba.svg/320px-Flag_of_Cuba.svg.png
KEN,https://upload.wikimedia.org/wikipedia/commons/thumb/4/49/Flag_of_Kenya.svg/320px-Flag_of_Kenya.svg.png
LIB,https://upload.wikimedia.org/wikipedia/commons/thumb/5/59/Flag_of_Lebanon.svg/320px-Flag_of_Lebanon.svg.png
TLS,https://upload.wikimedia.org/wikipedia/commons/thumb/2/26/Flag_of_East_Timor.svg/320px-Flag_of_East_Timor.svg.png
ARM,https://upload.wikimedia.org/wikipedia/commons/thumb/2/2f/Flag_of_Armenia.svg/320px-Flag_of_Armenia.svg.png
DOM,https://upload.wikimedia.org/wikipedia/commons/thumb/9/9f/Flag_of_the_Dominican_Republic.svg/320px-Flag_of_the_Dominican_Republic.svg.png
INA,https://upload.wikimedia.org/wikipedia/commons/thumb/9/9f/Flag_of_Indonesia.svg/320px-Flag_of_Indonesia.svg.png
KOR,https://upload.wikimedia.org/wikipedia/commons/thumb/0/09/Flag_of_South_Korea.svg/320px-Flag_of_South_Korea.svg.png
TGA,https://upload.wikimedia.org/wikipedia/commons/thumb/9/9a/Flag_of_Tonga.svg/320px-Flag_of_Tonga.svg.png
TCH,https://upload.wikimedia.org/wikipedia/commons/thumb/c/cb/Flag_of_the_Czech_Republic.svg/320px-Flag_of_the_Czech_Republic.svg.png
SKN,https://upload.wikimedia.org/wikipedia/commons/thumb/f/fe/Flag_of_Saint_Kitts_and_Nevis.svg/320px-Flag_of_Saint_Kitts_and_Nevis.svg.png
DMA,https://upload.wikimedia.org/wikipedia/commons/thumb/c/c4/Flag_of_Dominica.svg/320px-Flag_of_Dominica.svg.png
ESP,https://upload.wikimedia.org/wikipedia/commons/thumb/9/9a/Flag_of_Spain.svg/320px-Flag_of_Spain.svg.png
RSA,https://upload.wikimedia.org/wikipedia/commons/thumb/a/af/Flag_of_South_Africa.svg/320px-Flag_of_South_Africa.svg.png
LAT,https://upload.wikimedia.org/wikipedia/commons/thumb/8/84/Flag_of_Latvia.svg/320px-Flag_of_Latvia.svg.png
GAM,https://upload.wikimedia.org/wikipedia/commons/thumb/7/77/Flag_of_The_Gambia.svg/320px-Flag_of_The_Gambia.svg.png
ZAM,https://upload.wikimedia.org/wikipedia/commons/thumb/0/06/Flag_of_Zambia.svg/320px-Flag_of_Zambia.svg.png
KAZ,https://upload.wikimedia.org/wikipedia/commons/thumb/d/d3/Flag_of_Kazakhstan.svg/320px-Flag_of_Kazakhstan.svg.png
BOT,https://upload.wikimedia.org/wikipedia/commons/thumb/f/fa/Flag_of_Botswana.svg/320px-Flag_of_Botswana.svg.png
ETH,https://upload.wikimedia.org/wikipedia/commons/thumb/7/71/Flag_of_Ethiopia.svg/320px-Flag_of_Ethiopia.svg.png
CHI,https://upload.wikimedia.org/wikipedia/commons/thumb/7/78/Flag_of_Chile.svg/320px-Flag_of_Chile.svg.png
YMD,https://upload.wikimedia.org/wikipedia/commons/thumb/d/db/Flag_of_South_Yemen.svg/320px-Flag_of_South_Yemen.svg.png
BLR,https://upload.wikimedia.org/wikipedia/commons/thumb/8/85/Flag_of_Belarus.svg/320px-Flag_of_Belarus.svg.png
JOR,https://upload.wikimedia.org/wikipedia/commons/thumb/c/c0/Flag_of_Jordan.svg/320px-Flag_of_Jordan.svg.png
ANG,https://upload.wikimedia.org/wikipedia/commons/thumb/9/9d/Flag_of_Angola.svg/320px-Flag_of_Angola.svg.png
MTN,https://upload.wikimedia.org/wikipedia/commons/thumb/4/43/Flag_of_Mauritania.svg/320px-Flag_of_Mauritania.svg.png
MLT,https://upload.wikimedia.org/wikipedia/commons/thumb/7/73/Flag_of_Malta.svg/320px-Flag_of_Malta.svg.png
ANT,https://upload.wikimedia.org/wikipedia/commons/thumb/8/89/Flag_of_Antigua_and_Barbuda.svg/320px-Flag_of_Antigua_and_Barbuda.svg.png
IND,https://upload.wikimedia.org/wikipedia/commons/thumb/4/41/Flag_of_India.svg/320px-Flag_of_India.svg.png
RWA,https://upload.wikimedia.org/wikipedia/commons/thumb/1/17/Flag_of_Rwanda.svg/320px-Flag_of_Rwanda.svg.png
CMR,https://upload.wikimedia.org/wikipedia/commons/thumb/4/4f/Flag_of_Cameroon.svg/320px-Flag_of_Cameroon.svg.png
FRG,https://upload.wikimedia.org/wikipedia/commons/thumb/b/ba/Flag_of_Germany.svg/320px-Flag_of_Germany.svg.png
DEN,https://upload.wikimedia.org/wikipedia/commons/thumb/9/9c/Flag_of_Denmark.svg/317px-Flag_of_Denmark.svg.png
FIN,https://upload.wikimedia.org/wikipedia/commons/thumb/b/bc/Flag_of_Finland.svg/320px-Flag_of_Finland.svg.png
GHA,https://upload.wikimedia.org/wikipedia/commons/thumb/1/19/Flag_of_Ghana.svg/320px-Flag_of_Ghana.svg.png
NOR,https://upload.wikimedia.org/wikipedia/commons/thumb/d/d9/Flag_of_Norway.svg/320px-Flag_of_Norway.svg.png
AZE,https://upload.wikimedia.org/wikipedia/commons/thumb/d/dd/Flag_of_Azerbaijan.svg/320px-Flag_of_Azerbaijan.svg.png
HAI,https://upload.wikimedia.org/wikipedia/commons/thumb/5/56/Flag_of_Haiti.svg/320px-Flag_of_Haiti.svg.png
MNE,https://upload.wikimedia.org/wikipedia/commons/thumb/6/64/Flag_of_Montenegro.svg/320px-Flag_of_Montenegro.svg.png
GRN,https://upload.wikimedia.org/wikipedia/commons/thumb/b/bc/Flag_of_Grenada.svg/320px-Flag_of_Grenada.svg.png
TKM,https://upload.wikimedia.org/wikipedia/commons/thumb/1/1b/Flag_of_Turkmenistan.svg/320px-Flag_of_Turkmenistan.svg.png
MLI,https://upload.wikimedia.org/wikipedia/commons/thumb/9/92/Flag_of_Mali.svg/320px-Flag_of_Mali.svg.png
SRI,https://upload.wikimedia.org/wikipedia/commons/thumb/1/11/Flag_of_Sri_Lanka.svg/320px-Flag_of_Sri_Lanka.svg.png
FSM,https://upload.wikimedia.org/wikipedia/commons/thumb/e/e4/Flag_of_the_Federated_States_of_Micronesia.svg/320px-Flag_of_the_Federated_States_of_Micronesia.svg.png
SCG,https://upload.wikimedia.org/wikipedia/commons/thumb/9/90/Flag_of_Serbia_and_Montenegro.svg/320px-Flag_of_Serbia_and_Montenegro.svg.png
VIN,https://upload.wikimedia.org/wikipedia/commons/thumb/6/6d/Flag_of_Saint_Vincent_and_the_Grenadines.svg/320px-Flag_of_Saint_Vincent_and_the_Grenadines.svg.png
TUN,https://upload.wikimedia.org/wikipedia/commons/thumb/c/ce/Flag_of_Tunisia.svg/320px-Flag_of_Tunisia.svg.png
FRA,https://upload.wikimedia.org/wikipedia/commons/thumb/c/c3/Flag_of_France.svg/320px-Flag_of_France.svg.png
PLW,https://upload.wikimedia.org/wikipedia/commons/thumb/4/48/Flag_of_Palau.svg/320px-Flag_of_Palau.svg.png
SAM,https://upload.wikimedia.org/wikipedia/commons/thumb/3/31/Flag_of_Samoa.svg/320px-Flag_of_Samoa.svg.png
MRI,https://upload.wikimedia.org/wikipedia/commons/thumb/7/77/Flag_of_Mauritius.svg/320px-Flag_of_Mauritius.svg.png
TUV,https://upload.wikimedia.org/wikipedia/commons/thumb/3/38/Flag_of_Tuvalu.svg/320px-Flag_of_Tuvalu.svg.png
GUA,https://upload.wikimedia.org/wikipedia/commons/thumb/e/ec/Flag_of_Guatemala.svg/320px-Flag_of_Guatemala.svg.png
YEM,https://upload.wikimedia.org/wikipedia/commons/thumb/8/89/Flag_of_Yemen.svg/320px-Flag_of_Yemen.svg.png
PAR,https://upload.wikimedia.org/wikipedia/commons/thumb/2/27/Flag_of_Paraguay.svg/320px-Flag_of_Paraguay.svg.png
BRN,https://upload.wikimedia.org/wikipedia/commons/thumb/2/2c/Flag_of_Bahrain.svg/320px-Flag_of_Bahrain.svg.png
USA,https://upload.wikimedia.org/wikipedia/commons/thumb/a/a4/Flag_of_the_United_States.svg/320px-Flag_of_the_United_States.svg.png
KSA,https://upload.wikimedia.org/wikipedia/commons/thumb/0/0d/Flag_of_Saudi_Arabia.svg/320px-Flag_of_Saudi_Arabia.svg.png
LBA,https://upload.wikimedia.org/wikipedia/commons/thumb/0/05/Flag_of_Libya.svg/320px-Flag_of_Libya.svg.png
MDV,https://upload.wikimedia.org/wikipedia/commons/thumb/0/0f/Flag_of_Maldives.svg/320px-Flag_of_Maldives.svg.png
MGL,https://upload.wikimedia.org/wikipedia/commons/thumb/4/4c/Flag_of_Mongolia.svg/320px-Flag_of_Mongolia.svg.png
GEO,https://upload.wikimedia.org/wikipedia/commons/thumb/0/0f/Flag_of_Georgia.svg/320px-Flag_of_Georgia.svg.png
GUY,https://upload.wikimedia.org/wikipedia/commons/thumb/9/99/Flag_of_Guyana.svg/320px-Flag_of_Guyana.svg.png
LES,https://upload.wikimedia.org/wikipedia/commons/thumb/4/4a/Flag_of_Lesotho.svg/320px-Flag_of_Lesotho.svg.png
BHU,https://upload.wikimedia.org/wikipedia/commons/thumb/9/91/Flag_of_Bhutan.svg/320px-Flag_of_Bhutan.svg.png
BRU,https://upload.wikimedia.org/wikipedia/commons/thumb/9/9c/Flag_of_Brunei.svg/320px-Flag_of_Brunei.svg.png
HUN,https://upload.wikimedia.org/wikipedia/commons/thumb/c/c1/Flag_of_Hungary.svg/320px-Flag_of_Hungary.svg.png
GDR,https://upload.wikimedia.org/wikipedia/commons/thumb/a/a1/Flag_of_East_Germany.svg/320px-Flag_of_East_Germany.svg.png
CAM,https://upload.wikimedia.org/wikipedia/commons/thumb/8/83/Flag_of_Cambodia.svg/320px-Flag_of_Cambodia.svg.png
CGO,https://upload.wikimedia.org/wikipedia/commons/thumb/9/92/Flag_of_the_Republic_of_the_Congo.svg/320px-Flag_of_the_Republic_of_the_Congo.svg.png
GER,https://upload.wikimedia.org/wikipedia/commons/thumb/b/ba/Flag_of_Germany.svg/320px-Flag_of_Germany.svg.png
BUL,https://upload.wikimedia.org/wikipedia/commons/thumb/9/9a/Flag_of_Bulgaria.svg/320px-Flag_of_Bulgaria.svg.png
SAA,https://upload.wikimedia.org/wikipedia/commons/thumb/2/2b/Flag_of_Saar_%281947%E2%80%931956%29.svg/320px-Flag_of_Saar_%281947%E2%80%931956%29.svg.png
AHO,https://upload.wikimedia.org/wikipedia/commons/thumb/9/92/Flag_of_the_Netherlands_Antilles_%281986-2010%29.svg/320px-Flag_of_the_Netherlands_Antilles_%281986-2010%29.svg.png
BUR,https://upload.wikimedia.org/wikipedia/commons/thumb/3/31/Flag_of_Burkina_Faso.svg/320px-Flag_of_Burkina_Faso.svg.png
COL,https://upload.wikimedia.org/wikipedia/commons/thumb/2/21/Flag_of_Colombia.svg/320px-Flag_of_Colombia.svg.png
URU,https://upload.wikimedia.org/wikipedia/commons/thumb/f/fe/Flag_of_Uruguay.svg/320px-Flag_of_Uruguay.svg.png
PRK,https://upload.wikimedia.org/wikipedia/commons/thumb/5/51/Flag_of_North_Korea.svg/320px-Flag_of_North_Korea.svg.png
JAM,https://upload.wikimedia.org/wikipedia/commons/thumb/0/0a/Flag_of_Jamaica.svg/320px-Flag_of_Jamaica.svg.png
